symbol,zip,sector,fullTimeEmployees,longBusinessSummary,city,phone,state,country,companyOfficers,website,maxAge,address1,industry,ebitdaMargins,profitMargins,grossMargins,operatingCashflow,revenueGrowth,operatingMargins,ebitda,targetLowPrice,recommendationKey,grossProfits,freeCashflow,targetMedianPrice,currentPrice,earningsGrowth,currentRatio,returnOnAssets,numberOfAnalystOpinions,targetMeanPrice,debtToEquity,returnOnEquity,targetHighPrice,totalCash,totalDebt,totalRevenue,totalCashPerShare,financialCurrency,revenuePerShare,quickRatio,recommendationMean,exchange,shortName,longName,exchangeTimezoneName,exchangeTimezoneShortName,isEsgPopulated,gmtOffSetMilliseconds,quoteType,messageBoardId,market,annualHoldingsTurnover,enterpriseToRevenue,beta3Year,enterpriseToEbitda,52WeekChange,morningStarRiskRating,forwardEps,revenueQuarterlyGrowth,sharesOutstanding,fundInceptionDate,annualReportExpenseRatio,totalAssets,bookValue,sharesShort,sharesPercentSharesOut,fundFamily,lastFiscalYearEnd,heldPercentInstitutions,netIncomeToCommon,trailingEps,lastDividendValue,SandP52WeekChange,priceToBook,heldPercentInsiders,nextFiscalYearEnd,yield,mostRecentQuarter,shortRatio,sharesShortPreviousMonthDate,floatShares,beta,enterpriseValue,priceHint,threeYearAverageReturn,lastSplitDate,lastSplitFactor,legalType,lastDividendDate,morningStarOverallRating,earningsQuarterlyGrowth,priceToSalesTrailing12Months,dateShortInterest,pegRatio,ytdReturn,forwardPE,lastCapGain,shortPercentOfFloat,sharesShortPriorMonth,impliedSharesOutstanding,category,fiveYearAverageReturn,previousClose,regularMarketOpen,twoHundredDayAverage,trailingAnnualDividendYield,payoutRatio,volume24Hr,regularMarketDayHigh,navPrice,averageDailyVolume10Day,regularMarketPreviousClose,fiftyDayAverage,trailingAnnualDividendRate,open,toCurrency,averageVolume10days,expireDate,algorithm,dividendRate,exDividendDate,circulatingSupply,startDate,regularMarketDayLow,currency,trailingPE,regularMarketVolume,lastMarket,maxSupply,openInterest,marketCap,volumeAllCurrencies,strikePrice,averageVolume,dayLow,ask,askSize,volume,fiftyTwoWeekHigh,fromCurrency,fiveYearAvgDividendYield,fiftyTwoWeekLow,bid,tradeable,dividendYield,bidSize,dayHigh,regularMarketPrice,logo_url,address2,fax,underlyingSymbol,underlyingExchangeSymbol,headSymbol,uuid
GOOG,94043,Communication Services,144056,"Alphabet Inc. provides online advertising services in the United States, Europe, the Middle East, Africa, the Asia-Pacific, Canada, and Latin America. The company offers performance and brand advertising services. It operates through Google Services, Google Cloud, and Other Bets segments. The Google Services segment provides products and services, such as ads, Android, Chrome, hardware, Google Maps, Google Play, Search, and YouTube, as well as technical infrastructure; and digital content. The Google Cloud segment offers infrastructure and data analytics platforms, collaboration tools, and other services for enterprise customers. The Other Bets segment sells internet and TV services, as well as licensing and research and development services. The company was founded in 1998 and is headquartered in Mountain View, California.",Mountain View,650-253-0000,CA,United States,[],http://www.abc.xyz,1,1600 Amphitheatre Parkway,Internet Content & Information,0.34300998,0.2857,0.55723,80858996736,0.616,0.28448,75552997376,2700,buy,97795000000,44609626112,3100,2801.12,1.691,3.152,0.12759,9,3106.11,11.829,0.2829,3425,135863001088,28100999168,220265005056,203.768,USD,326.656,3.027,1.6,NMS,Alphabet Inc.,Alphabet Inc.,America/New_York,EDT,False,-14400000,EQUITY,finmb_29096,us_market,,7.99,,23.294,0.7851193,,105.81,,320168000,,,,355.83,2636694,0.004,,1609372800,0.67144996,62928998400,92.187,,0.24252033,7.8720746,0.00043000001,1672444800,,1625011200,2.79,1628812800,580750189,1.025925,1759898501120,2,,,,,,,1.662,8.470647,1631664000,1.17,,26.473114,,,2589529,666755008,,,2783.71,2798.12,2556.8936,,0,,2806.15,,1259114,2783.71,2827.396,,2798.12,,1259114,,,,,,,2789.3606,USD,30.385199,946421,,,,1865786982400,,,1065637,2789.3606,2801.12,1000,946421,2936.41,,,1514.62,2800.1,False,,900,2806.15,2801.12,https://logo.clearbit.com/abc.xyz,,,,,,
GOOGL,94043,Communication Services,144056,"Alphabet Inc. provides online advertising services in the United States, Europe, the Middle East, Africa, the Asia-Pacific, Canada, and Latin America. The company offers performance and brand advertising services. It operates through Google Services, Google Cloud, and Other Bets segments. The Google Services segment provides products and services, such as ads, Android, Chrome, hardware, Google Maps, Google Play, Search, and YouTube, as well as technical infrastructure; and digital content. The Google Cloud segment offers infrastructure and data analytics platforms, collaboration tools, and other services for enterprise customers. The Other Bets segment sells internet and TV services, as well as licensing and research and development services. The company was founded in 1998 and is headquartered in Mountain View, California.",Mountain View,650-253-0000,CA,United States,[],http://www.abc.xyz,1,1600 Amphitheatre Parkway,Internet Content & Information,0.34300998,0.2857,0.55723,80858996736,0.616,0.28448,75552997376,1850,buy,97795000000,44609626112,3195,2795.71,1.691,3.152,0.12759,44,3164.56,11.829,0.2829,4288.52,135863001088,28100999168,220265005056,203.768,USD,326.656,3.027,1.7,NMS,Alphabet Inc.,Alphabet Inc.,America/New_York,EDT,False,-14400000,EQUITY,finmb_29096,us_market,,7.974,,23.246,0.7868643,,106.24,,301084992,,,,355.83,2745696,0.0041,,1609372800,0.80423,62928998400,92.187,,0.24252033,7.85687,0.00148,1672444800,,1625011200,2.37,1628812800,580750189,1.025925,1756291399680,2,,,,,,,1.662,8.4706335,1631664000,1.16,,26.315042,,0.0091,3045395,666755008,,,2784.5,2791.54,2518.2612,,0,,2806.6206,,1663857,2784.5,2815.0947,,2791.54,,1663857,,,,,,,2784.35,USD,30.326511,1326292,,,,1865784229888,,,1344617,2784.35,2798,1800,1326292,2925.08,,,1508.48,2790,False,,1100,2806.6206,2795.71,https://logo.clearbit.com/abc.xyz,,,,,,
AMZN,98109-5210,Consumer Cyclical,1335000,"Amazon.com, Inc. engages in the retail sale of consumer products and subscriptions in North America and internationally. The company operates through three segments: North America, International, and Amazon Web Services (AWS). It sells merchandise and content purchased for resale from third-party sellers through physical and online stores. The company also manufactures and sells electronic devices, including Kindle, Fire tablets, Fire TVs, Rings, and Echo and other devices; provides Kindle Direct Publishing, an online service that allows independent authors and publishers to make their books available in the Kindle Store; and develops and produces media content. In addition, it offers programs that enable sellers to sell their products on its websites, as well as its stores; and programs that allow authors, musicians, filmmakers, skill and app developers, and others to publish and sell content. Further, the company provides compute, storage, database, analytics, machine learning, and other services, as well as fulfillment, advertising, publishing, and digital content subscriptions. Additionally, it offers Amazon Prime, a membership program, which provides free shipping of various items; access to streaming of movies and TV episodes; and other services. The company serves consumers, sellers, developers, enterprises, and content creators. Amazon.com, Inc. was founded in 1994 and is headquartered in Seattle, Washington.",Seattle,206-266-1000,WA,United States,[],http://www.amazon.com,1,410 Terry Avenue North,Internet Retail,0.13382,0.06641,0.40679002,59322998784,0.272,0.06685,59320999936,3775,buy,152757000000,16914750464,4100,3288.62,0.468,1.196,0.05988,53,4150.08,107.355,0.31229,5000,89894002688,123247001600,443297988608,177.502,USD,881.308,0.989,1.7,NMS,"Amazon.com, Inc.","Amazon.com, Inc.",America/New_York,EDT,False,-14400000,EQUITY,finmb_18749,us_market,,3.832,,28.638,-0.044819355,,66.48,,506440992,,,,226.883,5330390,0.0105,,1609372800,0.59747005,29437999104,57.395,,0.24252033,14.494784,0.13606,1672444800,,1625011200,1.84,1628812800,454348048,1.159259,1698843459584,2,,,,,,,0.484,3.7570486,1631664000,1.77,,49.467808,,0.012200001,5094455,,,,3302.43,3317,3368.0542,,0,,3321.43,,2915414,3302.43,3380.787,,3317,,2915414,,,,,,,3288.2,USD,57.298023,1998217,,,,1665492058112,,,3131492,3288.2,3289.5,1000,1998217,3773.08,,,2881,3288.5,False,,1000,3321.43,3288.62,https://logo.clearbit.com/amazon.com,,,,,,
AAPL,95014,Technology,147000,"Apple Inc. designs, manufactures, and markets smartphones, personal computers, tablets, wearables, and accessories worldwide. It also sells various related services. The company offers iPhone, a line of smartphones; Mac, a line of personal computers; iPad, a line of multi-purpose tablets; and wearables, home, and accessories comprising AirPods, Apple TV, Apple Watch, Beats products, HomePod, iPod touch, and other Apple-branded and third-party accessories. It also provides AppleCare support services; cloud services store services; and operates various platforms, including the App Store, that allow customers to discover and download applications and digital content, such as books, music, video, games, and podcasts. In addition, the company offers various services, such as Apple Arcade, a game subscription service; Apple Music, which offers users a curated listening experience with on-demand radio stations; Apple News+, a subscription news and magazine service; Apple TV+, which offers exclusive original content; Apple Card, a co-branded credit card; and Apple Pay, a cashless payment service, as well as licenses its intellectual property. The company serves consumers, and small and mid-sized businesses; and the education, enterprise, and government markets. It sells and delivers third-party applications for its products through the App Store. The company also sells its products through its retail and online stores, and direct sales force; and third-party cellular network carriers, wholesalers, retailers, and resellers. Apple Inc. was founded in 1977 and is headquartered in Cupertino, California.",Cupertino,408-996-1010,CA,United States,[],http://www.apple.com,1,One Apple Park Way,Consumer Electronics,0.31955,0.25004,0.41005,104414003200,0.364,0.28788,110934999040,132,buy,104956000000,80625876992,169.64,142.9,1,1.062,0.19302,42,167.92,210.782,1.27125,190,61696000000,135491002368,347155005440,3.732,USD,20.61,0.887,1.9,NMS,Apple Inc.,Apple Inc.,America/New_York,EDT,False,-14400000,EQUITY,finmb_24937,us_market,,7.017,,21.958,0.14871383,,5.68,,16530199552,,,,3.882,100926641,0.0061000003,,1601078400,0.58694,86801997824,5.108,,0.24252033,36.81092,0.00072999997,1664150400,,1624665600,1.28,1628812800,16512974627,1.222222,2435955818496,2,,,,,,,0.932,6.8043537,1631664000,1.38,,25.158451,,0.0061000003,93105968,,,,143.29,144.03,137.85274,0.005827343,0.16309999,,144.17,,80918485,143.29,147.47942,0.835,144.03,,80918485,,,0.88,1628208000,,,142.56,USD,27.975725,58773155,,,,2362165428224,,,79762242,142.56,142.84,1100,58773155,157.26,,1.24,107.32,142.8,False,0.0062,2900,144.17,142.9,https://logo.clearbit.com/apple.com,,,,,,
MSFT,98052-6399,Technology,181000,"Microsoft Corporation develops, licenses, and supports software, services, devices, and solutions worldwide. Its Productivity and Business Processes segment offers Office, Exchange, SharePoint, Microsoft Teams, Office 365 Security and Compliance, and Skype for Business, as well as related Client Access Licenses (CAL); Skype, Outlook.com, OneDrive, and LinkedIn; and Dynamics 365, a set of cloud-based and on-premises business solutions for organizations and enterprise divisions. Its Intelligent Cloud segment licenses SQL, Windows Servers, Visual Studio, System Center, and related CALs; GitHub that provides a collaboration platform and code hosting service for developers; and Azure, a cloud platform. It also offers support services and Microsoft consulting services to assist customers in developing, deploying, and managing Microsoft server and desktop solutions; and training and certification on Microsoft products. Its More Personal Computing segment provides Windows original equipment manufacturer (OEM) licensing and other non-volume licensing of the Windows operating system; Windows Commercial, such as volume licensing of the Windows operating system, Windows cloud services, and other Windows commercial offerings; patent licensing; Windows Internet of Things; and MSN advertising. It also offers Surface, PC accessories, PCs, tablets, gaming and entertainment consoles, and other devices; Gaming, including Xbox hardware, and Xbox content and services; video games and third-party video game royalties; and Search, including Bing and Microsoft advertising. It sells its products through OEMs, distributors, and resellers; and directly through digital marketplaces, online stores, and retail stores. It has collaborations with Dynatrace, Inc., Morgan Stanley, Micro Focus, WPP plc, ACI Worldwide, Inc., and iCIMS, Inc., as well as a strategic relationship with Avaya Holdings Corp. Microsoft Corporation was founded in 1975 and is headquartered in Redmond, Washington.",Redmond,425 882 8080,WA,United States,[],http://www.microsoft.com,1,One Microsoft Way,Software—Infrastructure,0.48080003,0.36451998,0.68926,76740001792,0.213,0.41595,80815996928,280,buy,115856000000,41337249792,338,294.85,0.486,2.08,0.13761,37,336.28,57.947,0.47079,411,130256003072,82277998592,168087994368,17.333,USD,22.272,1.898,1.7,NMS,Microsoft Corporation,Microsoft Corporation,America/New_York,EDT,False,-14400000,EQUITY,finmb_21835,us_market,,12.897,,26.824,0.33175254,,10.11,,7514890240,,,,18.884,44204519,0.0058999998,,1625011200,0.71722,61270999040,8.05,,0.24252033,15.613747,0.00079,1688083200,,1625011200,2.05,1628812800,7506925463,0.802645,2167787749376,2,,,,,,,0.469,13.182175,1631664000,2.25,,29.164196,,0.0058999998,41985444,,,,294.85,296.219,271.83618,0.007597083,0.272,,296.6409,,26409885,294.85,296.8147,2.24,296.219,,26409885,,,2.48,1637107200,,,293.77,USD,36.62733,16697017,,,,2215765344256,,,23012685,293.77,294.65,900,16697017,305.84,,1.48,199.62,294.34,False,0.0084,1000,296.6409,294.85,https://logo.clearbit.com/microsoft.com,,,,,,
COST,98027,Consumer Defensive,288000,"Costco Wholesale Corporation, together with its subsidiaries, engages in the operation of membership warehouses in the United States, Puerto Rico, Canada, the United Kingdom, Mexico, Japan, Korea, Australia, Spain, France, Iceland, China, and Taiwan. It offers branded and private-label products in a range of merchandise categories. The company offers sundries, dry groceries, candies, coolers, freezers, liquor, and tobacco and deli products; appliances, electronics, health and beauty aids, hardware, garden and patio products, sporting goods, tires, toys and seasonal products, office supplies, automotive care products, postages, tickets, apparel, small appliances, furniture, domestics, housewares, special order kiosks, and jewelry; and meat, produce, service deli, and bakery products. It also operates pharmacies, opticals, food courts, hearing-aid centers, and tire installation centers, as well as 636 gas stations; and offers business delivery, travel, same-day grocery, and various other services online in various countries. As of August 29, 2021, the company operated 815 membership warehouses, including 564 in the United States and Puerto Rico, 105 in Canada, 39 in Mexico, 30 in Japan, 29 in the United Kingdom, 16 in South Korea, 14 in Taiwan, 12 in Australia, 3 in Spain, 1 in Iceland, 1 in France, and 1 in China. It also operates e-commerce websites in the United States, Canada, the United Kingdom, Mexico, South Korea, Taiwan, Japan, and Australia. The company was formerly known as Costco Companies, Inc. and changed its name to Costco Wholesale Corporation in August 1999. Costco Wholesale Corporation was founded in 1976 and is based in Issaquah, Washington.",Issaquah,425 313 8100,WA,United States,[],http://www.costco.com,1,999 Lake Drive,Discount Stores,0.04596,0.02555,0.12885,8958000128,0.174,0.03687,9004000256,249,buy,25245000000,4611500032,497.5,451.85,0.201,1.002,0.07863,30,475.99,63.099,0.27616,525,12174999552,11406999552,195928997888,27.556,USD,442.189,0.475,2.2,NMS,Costco Wholesale Corporation,Costco Wholesale Corporation,America/New_York,EDT,False,-14400000,EQUITY,finmb_92817,us_market,,1.018,,22.144,0.2001965,,13.26,,441824000,,,,39.753,5248620,0.0119,,1630195200,0.69328004,5007000064,11.27,,0.24252033,11.366438,0.00195,1693267200,,1630195200,3.36,1628812800,440569031,0.637566,199384088576,2,,,,,,,0.202,1.0189313,1631664000,3.9,,34.076168,,0.0119,4819174,,,,452.87,455.44,408.20892,0.006580255,0.2644,,455.71,,1801871,452.87,455.32382,2.98,455.44,,1801871,,,3.16,1627516800,,,450,USD,40.093166,1545827,,,,199638171648,,,1732075,450,453,800,1545827,470.49,,0.93,307,451.25,False,0.0069999998,800,455.71,451.85,https://logo.clearbit.com/costco.com,,,,,,
WFC,94104,Financial Services,259196,"Wells Fargo & Company (NYSE: WFC) is a leading financial services company that has approximately $1.9 trillion in assets and proudly serves one in three U.S. households and more than 10% of all middle market companies in the U.S. We provide a diversified set of banking, investment and mortgage products and services, as well as consumer and commercial finance, through our four reportable operating segments: Consumer Banking and Lending, Commercial Banking, Corporate and Investment Banking, and Wealth and Investment Management. Wells Fargo ranked No. 30 on Fortune's 2020 rankings of America's largest corporations. In the communities we serve, the company focuses its social impact on building a sustainable, inclusive future for all by supporting housing affordability, small business growth, financial health and a low-carbon economy.",San Francisco,866 249 3302,CA,United States,[],http://www.wellsfargo.com,1,420 Montgomery Street,Banks—Diversified,0,0.22117001,0,-42872999936,1.447,0.26841,,30,buy,58319000000,,50.05,48,,,0.00922,24,50.81,,0.09672,65,476165013504,244546994176,76442001408,115.957,USD,18.501,,2.3,NYQ,Wells Fargo & Company,Wells Fargo & Company,America/New_York,EDT,False,-14400000,EQUITY,finmb_292891,us_market,,-0.166,,,0.86915886,,3.61,,4106409984,,,,41.703,47048930,0.0115,,1609372800,0.72682,15564999680,3.734,,0.24252033,1.1509963,0.00096000003,1672444800,,1625011200,1.74,1628812800,4099922384,1.294179,-12700295168,2,,,,,,,,2.5785258,1631664000,0.09,,13.296399,,0.0115,50700845,,,,47.76,47.87,45.288273,0.00837521,0.1067,,48.34,,19213385,47.76,46.630882,0.4,47.87,,19213385,,,0.8,1628121600,,,47.655,USD,12.854848,14228868,,,,197107679232,,,26856243,47.655,47.99,3000,14228868,51.41,,3.53,20.76,47.97,False,0.0167,2200,48.34,48,https://logo.clearbit.com/wellsfargo.com,,,,,,
ABBV,60064-6400,Healthcare,48000,"AbbVie Inc. discovers, develops, manufactures, and sells pharmaceuticals in the worldwide. The company offers HUMIRA, a therapy administered as an injection for autoimmune and intestinal BehÃ§et's diseases; SKYRIZI to treat moderate to severe plaque psoriasis in adults; RINVOQ, a JAK inhibitor for the treatment of moderate to severe active rheumatoid arthritis in adult patients; IMBRUVICA to treat adult patients with chronic lymphocytic leukemia (CLL), small lymphocytic lymphoma (SLL), mantle cell lymphoma, waldenstrÃ¶m's macroglobulinemia, marginal zone lymphoma, and chronic graft versus host disease; VENCLEXTA, a BCL-2 inhibitor used to treat adults with CLL or SLL; and MAVYRET to treat patients with chronic HCV genotype 1-6 infection. It also provides CREON, a pancreatic enzyme therapy for exocrine pancreatic insufficiency; Synthroid used in the treatment of hypothyroidism; AndroGel for males diagnosed with symptomatic low testosterone; Linzess/Constella to treat irritable bowel syndrome with constipation and chronic idiopathic constipation; Lupron for the palliative treatment of advanced prostate cancer, endometriosis and central precocious puberty, and patients with anemia caused by uterine fibroids; and Botox therapeutic. In addition, the company offers ORILISSA, a nonpeptide small molecule gonadotropin-releasing hormone antagonist for women with moderate to severe endometriosis pain; Duopa and Duodopa, a levodopa-carbidopa intestinal gel to treat Parkinson's disease; Lumigan/Ganfort, a bimatoprost ophthalmic solution for the reduction of elevated intraocular pressure (IOP) in patients with open angle glaucoma (OAG) or ocular hypertension; Ubrelvy to treat migraine with or without aura in adults; Alphagan/ Combigan, an alpha-adrenergic receptor agonist for the reduction of IOP in patients with OAG; and Restasis, a calcineurin inhibitor immunosuppressant to increase tear production. The company was incorporated in 2012 and is based in North Chicago, Illinois.",North Chicago,847 932 7900,IL,United States,[],http://www.abbvie.com,1,1 North Waukegan Road,Drug Manufacturers—General,0.51499003,0.12401,0.68121004,20451000320,0.339,0.35173,27669999616,105,buy,31747000000,18179999744,129.5,111.18,,0.906,0.0794,22,127.01,652.342,0.48855,144,8600000512,82156003328,53729001472,4.867,USD,30.364,0.645,2,NYQ,AbbVie Inc.,AbbVie Inc.,America/New_York,EDT,False,-14400000,EQUITY,finmb_141885706,us_market,,5.026,,9.76,0.2588315,,13.97,,1767180032,,,,7.113,12990796,0.0074,,1609372800,0.6868,6597000192,3.708,,0.24252033,15.630536,0.00123,1672444800,,1625011200,1.45,1628812800,1744096220,0.826984,270055571456,2,,,,,,,,3.6567788,1631664000,1.9,,7.9584823,,0.0074,13091711,,,,110.87,111.05,112.96144,0.045819428,1.3405,,111.75,,7427914,110.87,110.95353,5.08,111.05,,7427914,,,5.2,1634169600,,,110.64,USD,29.98382,4511454,,,,196475076608,,,7201400,110.64,111.46,800,4511454,121.53,,4.26,79.11,111,False,0.0468,800,111.75,111.18,https://logo.clearbit.com/abbvie.com,,,,,,
T,75202,Communication Services,226840,"AT&T Inc. provides telecommunication, media, and technology services worldwide. The company operates through Communications, WarnerMedia, and Latin America segments. The Communications segment offers wireless voice and data communications services; video and targeted advertising services; broadband, including fiber, and legacy telephony internet and voice communication; and wireline telecom services. It also sells handsets, wirelessly enabled computers, wireless data cards, and IP-based set-top boxes, as well as various accessories, such as carrying cases and hands-free devices through the company-owned stores, agents, and third-party retail stores. This segment markets its communications services and products under the AT&T, Cricket, AT&T PREPAIDSM, AT&T TV, AT&T Fiber, and DIRECTV brand names. The WarnerMedia segment primarily produces, distributes, and licenses television programming and feature films; distributes home entertainment products in physical and digital formats; and produces and distributes mobile and console games, and consumer products, as well as offers brand licensing services, and advertising services. It also operates cable networks; video on demand streaming platform under the HBO Max and HBO GO names; multichannel pay television services under the HBO and Cinemax; and digital media properties, as well as licenses its content to television networks and over-the-top services. The Latin America segment offers video entertainment and audio programming services under the DIRECTV and SKY brands primarily to residential customers; pay-TV services, including HD sports video content; and postpaid and prepaid wireless services under the AT&T and Unefon brands, as well as sells various handsets through company-owned stores, agents, and third-party retail stores. The company was formerly known as SBC Communications Inc. and changed its name to AT&T Inc. in November 2005. AT&T Inc. was incorporated in 1983 and is headquartered in Dallas, Texas.",Dallas,210-821-4105,TX,United States,[],http://www.att.com,1,208 South Akard Street,Telecom Services,0.29995,-0.0110599995,0.51745,43042000896,0.076,0.17442,52795998208,23,hold,91840000000,28615999488,32,26.77,0.227,0.766,0.03512,25,31.65,115.665,-0.0028400002,37,11920000000,208018997248,176014999552,1.669,USD,24.595,0.389,2.9,NYQ,AT&T Inc.,AT&T Inc.,America/New_York,EDT,False,-14400000,EQUITY,finmb_100231,us_market,,2.3,,7.667,-0.048346937,,3.2,,7139999744,,,,22.731,112923466,0.015800001,,1609372800,0.53705,-2161999872,-0.305,,0.24252033,1.1776868,0.00092,1672444800,,1625011200,3.63,1628812800,7130361000,0.726984,404786806784,2,,,,,,,0.226,1.0859176,1631664000,3.13,,8.365625,,0.015800001,108450881,,,,27.09,27.06,28.937698,0.076781094,,,27.119,,42180528,27.09,27.301176,2.08,27.06,,42180528,,,2.08,1633651200,,,26.75,USD,,37108494,,,,191137792000,,,32725970,26.75,26.79,39400,37108494,33.88,,6.11,26.35,26.78,False,0.076799996,40000,27.119,26.77,https://logo.clearbit.com/att.com,,,,,,
V,94128,Financial Services,20500,"Visa Inc. operates as a payments technology company worldwide. The company facilitates digital payments among consumers, merchants, financial institutions, businesses, strategic partners, and government entities. It operates VisaNet, a transaction processing network that enables authorization, clearing, and settlement of payment transactions. In addition, the company offers card products, platforms, and value-added services. It provides its services under the Visa, Visa Electron, Interlink, VPAY, and PLUS brands. The company was founded in 1958 and is headquartered in San Francisco, California.",San Francisco,650 432 3200,CA,United States,[],http://usa.visa.com,1,PO Box 8999,Credit Services,0.68292,0.47971,0.96781,13351999488,0.267,0.64768,15466000384,202,buy,21119000000,10018374656,280,230.27,0.1,2,0.1142,39,277.82,55.56,0.29637,312,19239999488,20995999744,22646999040,9.048,USD,10.623,1.623,1.8,NYQ,Visa Inc.,Visa Inc.,America/New_York,EDT,False,-14400000,EQUITY,finmb_38043467,us_market,,21.837,,31.976,0.11564922,,7.26,,1687640064,,,,16.297,26474673,0.0124,,1601424000,0.96751,10565000192,4.945,,0.24252033,14.129594,0.00126,1664496000,,1625011200,3.47,1628812800,1685687816,0.973015,494541897728,2,,,,,,,0.085,22.312103,1631664000,1.95,,31.71763,,0.015700001,27246335,2126819968,,,230.55,231,230.53676,0.0055519408,0.2545,,232.7335,,6695514,230.55,227.16147,1.28,231,,6695514,,,1.28,1628726400,,,230.19,USD,46.566227,3735169,,,,505302188032,,,7617173,230.19,230.3,900,3735169,252.67,,0.61,179.23,230.01,False,0.0056,800,232.7335,230.27,https://logo.clearbit.com/usa.visa.com,,,,,,
WMT,72716,Consumer Defensive,2300000,"Walmart Inc. engages in the operation of retail, wholesale, and other units worldwide. The company operates through three segments: Walmart U.S., Walmart International, and Sam's Club. It operates supercenters, supermarkets, hypermarkets, warehouse clubs, cash and carry stores, and discount stores; membership-only warehouse clubs; ecommerce websites, such as walmart.com, walmart.com.mx, walmart.ca, flipkart.com, and samsclub.com; and mobile commerce applications. The company offers grocery products, including dry grocery, snacks, dairy, meat, produce, deli and bakery, frozen foods, and alcoholic and nonalcoholic beverages, as well as consumables, such as health and beauty aids, pet supplies, household chemicals, paper goods, and baby products; and health and wellness products covering pharmacy, over-the-counter drugs and other medical products, and optical and clinical services. It also provides gasoline stations and tobacco; home improvement, outdoor living, gardening, furniture, apparel, and jewelry, as well as tools and power equipment, housewares, toys, seasonal items, mattresses, and tire and battery centers; and consumer electronics and accessories, software, video games, office supplies, appliances, and third-party gift cards. In addition, the company offers fuel and financial services and related products, including money orders, prepaid cards, money transfers, and check cashing and bill payment. It operates approximately 11,400 stores and various e-commerce websites under 54 banners in 26 countries. The company was formerly known as Wal-Mart Stores, Inc. and changed its name to Walmart Inc. in February 2018. Walmart Inc. was founded in 1945 and is based in Bentonville, Arkansas.",Bentonville,479-273-4000,AR,United States,[],http://www.stock.walmart.com,1,702 SW 8th Street,Discount Stores,0.07139,0.01775,0.25098,29540999168,0.024,0.052160002,40419999744,127,buy,138836000000,13266750464,170,139.66,-0.33,0.965,0.07755,35,168.82,70.581,0.12319,190,22830999552,61495001088,566144991232,8.188,USD,200.867,0.357,1.9,NYQ,Walmart Inc.,Walmart Inc.,America/New_York,EDT,False,-14400000,EQUITY,finmb_313055,us_market,,0.768,,10.755,-0.03181976,,6.58,,2788499968,,,,28.853,16538897,0.0058999998,,1612051200,0.31496,10049999872,3.553,,0.24252033,4.840398,0.49523,1675123200,,1627689600,2.16,1628812800,1457352614,0.501587,434703597568,2,,,,,,,-0.34,0.6878837,1631664000,2.95,,21.224924,,0.0117,17695173,,,,139.24,139.66,141.65295,0.015656421,0.6124,,140.09,,7491885,139.24,144.03412,2.18,139.66,,7491885,,,2.2,1639008000,,,139.01,USD,39.30763,4613265,,,,389441912832,,,7268042,139.01,139.66,1400,4613265,153.66,,2.06,126.28,139.4,False,0.015800001,800,140.09,139.66,https://logo.clearbit.com/stock.walmart.com,,,,,,
AZN,CB2 0AA,Healthcare,76100,"AstraZeneca PLC discovers, develops, manufactures, and commercializes prescription medicines in the areas of oncology, cardiovascular, renal and metabolism, respiratory, infection, neuroscience, and gastroenterology worldwide. The company's marketed products include Tagrisso, Lynparza, Imfinzi, Enhertu, Koselugo, Lumoxiti, Equidacent, Zoladex, Faslodex, Iressa, Arimidex, Casodex/Cosudex, and others for oncology diseases; Onglyza, Bydureon, Lokelma, Byetta, Qtern, Symlin, and others for cardiovascular, renal, and metabolism diseases; and Symbicort, Pulmicort, Fasenra, Daliresp/Daxas, Duaklir, Tudorza/Eklira, Bevespi, Breztri, Anifrolumab, and others for respiratory and immunology diseases. It also offers other medicines and COVID-19 products, including Synagis, Fluenz Tetra/FluMist Quadrivalent, Seroquel IR/Seroquel XR, Vimovo, Movantik/Moventig, Nexium, Losec/Prilosec, and COVID-19 Vaccine AstraZeneca. The company serves primary care and specialty care physicians through distributors and local representative offices. It has a collaboration agreement with Daiichi Sankyo to develop and commercialize DS-1062 for the treatment of trophoblast cell-surface antigen 2 (TROP2) tumor; AliveCor, Inc. to develop non-invasive potassium monitoring solutions; Massachusetts General Hospital to accelerate digital health solutions; Sanguina on smartphone application study for hemoglobin management in patients with anemia of chronic kidney disease; Alchemab to enhance prostate cancer research; and Proteros biostructures GmbH to discover and develop novel small molecules for the treatment of various types of cancer. The company was formerly known as Zeneca Group PLC and changed its name to AstraZeneca PLC in April 1999. It has a collaboration agreement with Regeneron Pharmaceuticals, Inc. to research, develop, and commercialize small molecule medicines for obesity. AstraZeneca PLC was incorporated in 1992 and is headquartered in Cambridge, the United Kingdom.",Cambridge,44 20 3749 5000,,United Kingdom,[],http://www.astrazeneca.com,1,1 Francis Crick Avenue,Drug Manufacturers—General,0.22479999,0.12771,0.76685995,6446000128,0.31,0.13408,6638000128,66,buy,21371000000,5874874880,69.4,60.61,-0.272,1.227,0.037049998,5,69.28,190.467,0.25675,73,15628999680,29890000896,29528000512,5.956,USD,11.253,1.011,1.7,NMS,Astrazeneca PLC,AstraZeneca PLC,America/New_York,EDT,False,-14400000,EQUITY,finmb_336774,us_market,,5.87,,26.11,0.096616626,,4.04,,3098269952,,,,5.974,6532131,0.0021,,1609372800,0.1507,3771000064,1.4355,,0.24252033,10.145631,0.00029999999,1672444800,,1625011200,1.29,1628812800,2616705280,0.177827,173318635520,2,,,,,,,-0.272,6.359596,1631664000,0.9,,15.002476,,,5614061,,,,60.37,60.7,56.414246,0.046380654,0.9756,,61.105,,5508600,60.37,58.502647,2.8,60.7,,5508600,,,1.4,1628726400,,,60.48,USD,42.22222,3113399,,,,187786149888,,,10239431,60.48,60.78,1000,3113399,61.3,,3.49,46.48,60.62,False,0.0231,1000,61.105,60.61,https://logo.clearbit.com/astrazeneca.com,Cambridge Biomedical Campus,,,,,
TSLA,94304,Consumer Cyclical,70757,"Tesla, Inc. designs, develops, manufactures, leases, and sells electric vehicles, and energy generation and storage systems in the United States, China, and internationally. The company operates in two segments, Automotive, and Energy Generation and Storage. The Automotive segment offers electric vehicles, as well as sells automotive regulatory credits. It provides sedans and sport utility vehicles through direct and used vehicle sales, a network of Tesla Superchargers, and in-app upgrades; and purchase financing and leasing services. This segment is also involved in the provision of non-warranty after-sales vehicle services, sale of used vehicles, retail merchandise, and vehicle insurance, as well as sale of products through its subsidiaries to third party customers; services for electric vehicles through its company-owned service locations, and Tesla mobile service technicians; and vehicle limited warranties and extended service plans. The Energy Generation and Storage segment engages in the design, manufacture, installation, sale, and leasing of solar energy generation and energy storage products, and related services to residential, commercial, and industrial customers and utilities through its website, stores, and galleries, as well as through a network of channel partners. This segment also offers service and repairs to its energy product customers, including under warranty; and various financing options to its solar customers. The company was formerly known as Tesla Motors, Inc. and changed its name to Tesla, Inc. in February 2017. Tesla, Inc. was founded in 2003 and is headquartered in Palo Alto, California.",Palo Alto,650-681-5000,CA,United States,[],http://www.tesla.com,1,3500 Deer Creek Road,Auto Manufacturers,0.13738,0.0521,0.22044,9184000000,0.981,0.07756,5751000064,67,hold,6630000000,4515624960,755,785.49,9.2,1.508,0.043509997,37,688.11,42.552,0.12275,1591,16229000192,11169999872,41862000640,16.393,USD,43.812,1.123,2.6,NMS,"Tesla, Inc.","Tesla, Inc.",America/New_York,EDT,False,-14400000,EQUITY,finmb_27444752,us_market,,18.49,,134.591,0.77592134,,7.22,,1001769984,,,,25.207,26999741,0.027,,1609372800,0.41419,2150000128,1.897,,0.24252033,31.161581,0.18962,1672444800,,1625011200,1.58,1628812800,801734075,1.89365,774034030592,2,,,,,,,9.981,18.797007,1631664000,2.48,,108.79363,,0.0332,26828057,,,,793.61,796.21,681.45935,,0,,796.38,,19206142,793.61,751.11444,,796.21,,19206142,,,,,,,781.89,USD,414.06958,16473420,,,,786880266240,,,18865885,781.89,784.82,900,16473420,900.4,,,379.11,785,False,,800,796.38,785.49,https://logo.clearbit.com/tesla.com,,,,,,
NVS,4056,Healthcare,109000,"Novartis AG researches, develops, manufactures, and markets healthcare products worldwide. The company operates through two segments, Innovative Medicines and Sandoz. The Innovative Medicines segment offers prescription medicines for patients and healthcare providers. It also provides ophthalmology, neuroscience, immunology, hepatology and dermatology, respiratory, established, and cardiovascular, renal and metabolism medicine products. The Sandoz segment provides active ingredients and finished dosage forms of small molecule pharmaceuticals to third parties across a range of therapeutic areas, as well as finished dosage form anti-infectives. It also provides active pharmaceutical ingredients and intermediates primarily antibiotics; protein- or other biotechnology-based products, including biosimilars; and biotechnology manufacturing services. Novartis AG has a license and collaboration agreement with Alnylam Pharmaceuticals to develop, manufacture, and commercialize inclisiran; an agreement with CureVac to manufacture COVID-19 vaccine candidate CVnCoV; a collaboration with Artios Pharma Limited to create next generation DDR cancer therapies; and a clinical collaboration with Kura Oncology, Inc. to evaluate the combination of Tipifarnib and Alpelisib in patients with head and neck squamous cell carcinoma. The company was incorporated in 1996 and is headquartered in Basel, Switzerland.",Basel,41 61 324 1111,,Switzerland,[],http://www.novartis.com,1,Lichtstrasse 35,Drug Manufacturers—General,0.36975,0.17426,0.71224,13422999552,0.144,0.26672,19062999040,100,buy,35498000000,11743250432,105,82.83,0.58,0.803,0.06937,5,104.8,66.223,0.16636999,108,5313999872,35845001216,51555999744,2.376,USD,22.807,0.471,1.8,NYQ,Novartis AG,Novartis AG,America/New_York,EDT,False,-14400000,EQUITY,finmb_382553,us_market,,4.187,,11.325,-0.06120366,,6.74,,2236740096,,,,24.161,5604533,0.0025,,1609372800,0.09897,8984000512,3.947,,0.24252033,3.4282522,8.0000005e-05,1672444800,,1625011200,2.87,1628812800,2145591921,0.548114,215886102528,2,,,,,,,0.551,3.5935526,1631664000,1.87,,12.289318,,,4608885,,,,82.48,82.74,89.076836,0.041222114,0.8099,,82.9,,2538885,82.48,86.23706,3.4,82.74,,2538885,,,3.2,1614816000,,,82.37,USD,20.98556,1604444,,,,185269190656,,,1955801,82.37,83.4,1200,1604444,98.52,,3.45,77.04,82.05,False,0.038599998,800,82.9,82.83,https://logo.clearbit.com/novartis.com,,41 61 324 8001,,,,
UNH,55343,Healthcare,330000,"UnitedHealth Group Incorporated operates as a diversified health care company in the United States. It operates through four segments: UnitedHealthcare, OptumHealth, OptumInsight, and OptumRx. The UnitedHealthcare segment offers consumer-oriented health benefit plans and services for national employers, public sector employers, mid-sized employers, small businesses, and individuals; health and well-being services to individuals age 50 and older, addressing their needs for preventive and acute health care services, as well as services dealing with chronic disease and other specialized issues for older individuals; Medicaid plans, children's health insurance program, and health care programs; medical and dental benefits; and hospital and clinical services. The OptumHealth segment provides access to networks of care provider specialists, health management services, care delivery, consumer engagement, and financial services. This segment serves individuals directly through care delivery systems, employers, payers, and government entities. The OptumInsight segment offers software and information products, advisory consulting arrangements, and managed services outsourcing contracts to hospital systems, physicians, health plans, governments, life sciences companies, and other organizations. The OptumRx segment provides pharmacy care services and programs, including retail network contracting, home delivery, specialty and compounding pharmacy, and purchasing and clinical, as well as develops programs in areas, such as step therapy, formulary management, drug adherence, and disease/drug therapy management. UnitedHealth Group Incorporated has partnership with the University of California, San Francisco to expand the mental health workforce in California. UnitedHealth Group Incorporated was incorporated in 1977 and is based in Minnetonka, Minnesota.",Minnetonka,952-936-1300,MN,United States,[],http://www.unitedhealthgroup.com,1,UnitedHealth Group Center,Healthcare Plans,0.08474,0.05333,0.24308,20772999168,0.148,0.07676,23057999872,360,buy,67000000000,20744249344,465,408.46,-0.355,0.715,0.06481,27,462.53,65.76,0.21114999,522,22560999424,48215998464,272099000320,23.927,USD,287.327,0.65,1.8,NYQ,UnitedHealth Group Incorporated,UnitedHealth Group Incorporated,America/New_York,EDT,False,-14400000,EQUITY,finmb_104673,us_market,,1.526,,18.003,0.2378701,,21.6,,942916992,,,,73.186,6220128,0.0066000004,,1609372800,0.89078003,14512000000,15.14,,0.24252033,5.5811224,0.00579,1672444800,,1625011200,2.46,1628812800,937712462,0.790476,415106039808,2,,,,,,,-0.357,1.4154549,1631664000,1.64,,18.910185,,0.0066000004,6541612,,,,404.7,406.41,404.6892,0.012849024,0.3432,,409.11,,2986542,404.7,410.6897,5.2,406.41,,2986542,,,5.8,1631232000,,,402.64,USD,26.978863,2012300,,,,385143865344,,,2534860,402.64,410,800,2012300,431.36,,1.41,299.6,408,False,0.014199999,1400,409.11,408.46,https://logo.clearbit.com/unitedhealthgroup.com,9900 Bren Road East,,,,,
MCD,60607,Consumer Cyclical,200000,"McDonald's Corporation operates and franchises McDonald's restaurants in the United States and internationally. Its restaurants offer various food products and beverages, as well as breakfast menu. As of December 31, 2020, the company operated 39,198 restaurants. McDonald's Corporation was founded in 1940 and is based in Chicago, Illinois.",Chicago,630 623 3000,IL,United States,[],http://corporate.mcdonalds.com,1,110 North Carpenter Street,Restaurants,0.5007,0.31715,0.53221,8789499904,0.565,0.41693002,10887499776,232,buy,9752100000,6065037312,269.5,247.7,3.538,1.449,0.11128,36,266.72,,,306,3053400064,49261998080,21744400384,4.089,USD,29.166,1.236,2,NYQ,McDonald's Corporation,McDonald's Corporation,America/New_York,EDT,False,-14400000,EQUITY,finmb_139488,us_market,,10.632,,21.235,0.095484495,,9.9,,746798976,,,,-7.777,6886224,0.0092,,1609372800,0.68741,6896300032,9.189,,0.24252033,,0.00046999997,1672444800,,1625011200,3.3,1628812800,746186500,0.604761,231190675456,2,,,,,,,3.587,8.507114,1631664000,1.29,,25.020203,,0.0092,6216413,,,,248.32,249.25,235.69022,0.020618556,0.5571,,249.63,,2304528,248.32,241.45294,5.12,249.25,,2304528,,,5.52,1638230400,,,247.13,USD,26.956142,1687649,,,,184982110208,,,2427684,247.13,247.9,800,1687649,249.95,,2.41,202.73,247.83,False,0.0223,800,249.63,247.7,https://logo.clearbit.com/corporate.mcdonalds.com,,,,,,
BAC,28255,Financial Services,212000,"Bank of America Corporation, through its subsidiaries, provides banking and financial products and services for individual consumers, small and middle-market businesses, institutional investors, large corporations, and governments worldwide. Its Consumer Banking segment offers traditional and money market savings accounts, certificates of deposit and IRAs, noninterest-and interest-bearing checking accounts, and investment accounts and products; and credit and debit cards, residential mortgages, and home equity loans, as well as direct and indirect loans, such as automotive, recreational vehicle, and consumer personal loans. The company's Global Wealth & Investment Management segment offers investment management, brokerage, banking, and trust and retirement products and services; and wealth management solutions, as well as customized solutions, including specialty asset management services. Its Global Banking segment provides lending products and services, including commercial loans, leases, commitment facilities, trade finance, and commercial real estate and asset-based lending; treasury solutions, such as treasury management, foreign exchange, and short-term investing options and merchant services; working capital management solutions; and debt and equity underwriting and distribution, and merger-related and other advisory services. The company's Global Markets segment offers market-making, financing, securities clearing, settlement, and custody services, as well as risk management products using interest rate, equity, credit, currency and commodity derivatives, foreign exchange, fixed-income, and mortgage-related products. As of April 15, 2021, it served approximately 66 million consumer and small business clients with approximately 4,300 retail financial centers; approximately 17,000 ATMs; and digital banking platforms with approximately 40 million active users. The company was founded in 1784 and is headquartered in Charlotte, North Carolina.",Charlotte,704 386 5681,NC,United States,[],http://www.bankofamerica.com,1,Bank of America Corporate Center,Banks—Diversified,0,0.3184,0,-39682998272,0.342,0.32126,,34,buy,74208000000,,44,44.34,1.791,,0.00957,25,43.92,,0.1018,52,747442995200,574665981952,86760996864,88.824,USD,9.979,,2.4,NYQ,Bank of America Corporation,Bank of America Corporation,America/New_York,EDT,True,-14400000,EQUITY,finmb_19049,us_market,,2.173,,,,,3.11,,8569319936,,,,29.067,77246040,0.0091,,1609372800,0.74047995,26172000256,2.33,,,1.5254413,0.00117,1672444800,,1625011200,1.54,1623715200,8389659169,1.551371,188522397696,2,,1093824000,2:1,,,,1.611,4.3794293,1626307200,0.52,,14.257236,,0.0104,83090292,,,,44.12,44.07,40.66964,0.016319131,0.24,,44.81,,46198128,44.12,41.717648,0.72,44.07,,46198128,,,0.84,1630540800,,,43.925,USD,19.030045,39389385,,,,379963637760,,,48612514,43.925,44.34,800,39389385,44.87,,1.86,23.12,44.32,False,0.0209,21500,44.81,44.34,https://logo.clearbit.com/bankofamerica.com,100 North Tryon Street,,,,,bcf30d7f-4abd-3593-b752-cacd38ff491c
MS,10036,Financial Services,71000,"Morgan Stanley, a financial holding company, provides various financial products and services to corporations, governments, financial institutions, and individuals in the Americas, Europe, the Middle East, Africa, and Asia. The company operates through Institutional Securities, Wealth Management, and Investment Management segments. The Institutional Securities segment offers capital raising and financial advisory services, including services related to the underwriting of debt, equity, and other securities, as well as advice on mergers and acquisitions, restructurings, real estate, and project finance. This segment also provides sales and trading services, such as sales, financing, prime brokerage, and market-making services in equity and fixed income products consisting of foreign exchange and commodities; corporate and commercial real estate loans, which provides secured lending facilities and financing for sales and trading customers, as well as asset-backed and mortgage lending; and wealth management services, investment, and research services. The Wealth Management segment offers various financial services and solutions covering brokerage and investment advisory services; financial and wealth planning services; stock plan administration services; annuity and insurance products; securities-based lending, residential real estate loans, and other lending products; and banking and retirement plan services to individual investors and small to medium-sized businesses and institutions. The Investment Management segment provides various investment strategies and products comprising equity, fixed income, liquidity, and alternative/other products to benefit/defined contribution plans, foundations, endowments, government entities, sovereign wealth funds, insurance companies, and third-party fund sponsors and corporations through institutional and intermediary channels. The company was founded in 1924 and is headquartered in New York, New York.",New York,212-761-4000,NY,United States,[],http://www.morganstanley.com,1,1585 Broadway,Capital Markets,0,0.24555999,0.89505994,-22187999232,0.688,0.38974997,,79,buy,42804000000,,105,100.04,1.168,1.778,0.01288,23,104.51,304.936,0.13928,116,537493012480,328074985472,54642999296,288.883,USD,32.858,1.534,2,NYQ,Morgan Stanley,Morgan Stanley,America/New_York,EDT,True,-14400000,EQUITY,finmb_472898,us_market,,-0.57,,,,,7,,1860589952,,,,52.709,17561753,0.0094,,1609372800,0.66651,12892000256,7.645,,,1.8979682,0.20633,1672444800,,1617148800,2.02,1620950400,1478516981,1.541349,-31172003840,2,,948931200,2:1,,,,1.426,3.4063542,1623715200,2.37,,14.291429,,0.0119,14038944,,,,98.8,99.02,92.1618,0.014170039,0.1831,,100.69,,8382300,98.8,102.083824,1.4,99.02,,8382300,,,2.8,1619654400,,,98.39,USD,13.085677,5246010,,,,186133413888,,,8707589,98.39,100.05,1300,5246010,105.95,,2.28,46.55,100,False,0.031,1000,100.69,100.04,https://logo.clearbit.com/morganstanley.com,,,,,,7a663cae-a1b7-32a6-bdc2-868158ed584d
TXN,75243,Technology,30000,"Texas Instruments Incorporated designs, manufactures, and sells semiconductors to electronics designers and manufacturers worldwide. It operates in two segments, Analog and Embedded Processing. The Analog segment offers power products to manage power requirements in various levels using battery management solutions, DC/DC switching regulators, AC/DC and isolated controllers and converters, power switches, linear regulators, voltage supervisors, voltage references, and lighting products. This segment also provides signal chain products that sense, condition, and measure signals to allow information to be transferred or converted for further processing and control for use in end markets, including amplifiers, data converters, interface products, motor drives, clocks, and sensing products.; and high volume products comprising integrated analog and standard products, which are primarily for sale into personal electronics, industrial, and automotive markets. The Embedded Processing segment offers connected microcontrollers, such as microcontrollers, microcontrollers with integrated wireless capabilities, and stand-alone wireless connectivity solutions that are used in electronic equipment; digital signal processors for mathematical computations; and applications processors for specific computing activity. This segment offers products for use in various markets, such as industrial, automotive, Personal electronics, communications equipment, enterprise systems, and calculators and other. The company also provides DLP products primarily for use in projectors to create high-definition images; calculators; and application-specific integrated circuits. Texas Instruments Incorporated markets and sells its semiconductor products through direct sales and distributors, as well as through its website. The company was founded in 1930 and is headquartered in Dallas, Texas.",Dallas,214 479 3773,TX,United States,[],http://www.ti.com,1,12500 TI Boulevard,Semiconductors,0.49517,0.4012,0.65462995,7538999808,0.414,0.45215,8300000256,155,buy,9269000000,4601999872,200,195.24,0.385,5.078,0.24899,31,204.03,56.048,0.71554,240,7390000128,6250999808,16762000384,8.005,USD,18.2,4.08,2.5,NMS,Texas Instruments Incorporated,Texas Instruments Incorporated,America/New_York,EDT,True,-14400000,EQUITY,finmb_140283,us_market,,10.983,,22.181,,,7.84,,923523968,,,,11.011,13625372,0.0148,,1609372800,0.85417,6696000000,6.603,,,17.731361,0.00244,1672444800,,1625011200,4.37,1628812800,921640514,1.005458,184103075840,2,,959040000,2:1,,,,0.399,10.756999,1631664000,2.4,,24.90306,,0.0148,14021338,,,,195.31,196.18,189.02518,0.019661052,0.5523,,196.3604,,3228842,195.31,192.75206,3.84,196.18,,3228842,,,4.6,1635465600,,,194.0044,USD,29.568378,2574223,,,,180308819968,,,3554989,194.0044,196.44,1000,2574223,200.92,,2.41,141.33,194,False,0.0229,800,196.3604,195.24,https://logo.clearbit.com/ti.com,,,,,,a06516ec-4e7b-3444-b29a-1e4ac0c3f046
NFLX,95032,Communication Services,9400,"Netflix, Inc. provides entertainment services. It offers TV series, documentaries, and feature films across various genres and languages. The company provides members the ability to receive streaming content through a host of Internet-connected devices, including TVs, digital video players, television set-top boxes, and mobile devices. It also provides DVDs-by-mail membership services. The company has approximately 204 million paid members in 190 countries. Netflix, Inc. was founded in 1997 and is headquartered in Los Gatos, California.",Los Gatos,408-540-3700,CA,United States,[],http://www.netflix.com,1,100 Winchester Circle,Entertainment,0.21635,0.14243001,0.41098,2944431104,0.242,0.21169001,5709822976,340,buy,9719737000,13543857152,622.5,632.66,1.389,1.27,0.092889994,42,615.81,137.684,0.35307,971,8403704832,17739319296,26391646208,18.954,USD,59.724,1.157,2.1,NMS,"Netflix, Inc.","Netflix, Inc.",America/New_York,EDT,True,-14400000,EQUITY,finmb_32012,us_market,,9.228,,42.652,,,12.96,,443403008,,,,29.059,8930701,0.0201,,1609372800,0.82088,3759043072,8.263,,,21.771566,0.0149,1672444800,,1617148800,2.92,1620950400,437544368,0.75326,243535331328,2,,1436918400,7:1,,,,1.407,10.629248,1623715200,1.31,,48.816357,,0.020499999,9122498,,,,631.85,634.165,534.23724,,0,,643.78,,5234571,631.85,590.0103,,634.165,,5234571,,,,,,,630.86,USD,76.565414,3272093,,,,280523341824,,,3562198,630.86,632.38,900,3272093,646.84,,,463.41,631.6,False,,1400,643.78,632.66,https://logo.clearbit.com/netflix.com,,,,,,1a1cddac-4d41-374d-b202-739314177b67
SE,138522,Communication Services,33800,"Sea Limited, together with its subsidiaries, engages in the digital entertainment, e-commerce, and digital financial service businesses in Southeast Asia, Latin America, rest of Asia, and internationally. It provides Garena digital entertainment platform for users to access mobile and PC online games, as well as eSports operations; and access to other entertainment content, such as livestreaming of gameplay and social features, such as user chat and online forums. The company also operates Shopee e-commerce platform, a mobile-centric marketplace that offers integrated payment and logistics infrastructure and seller services. In addition, it offers SeaMoney digital financial services to individuals and businesses, including mobile wallet and payment services AirPay, ShopeePay, SPayLater, and other digital financial services brands; and payment processing services for Shopee. The company was formerly known as Garena Interactive Holding Limited and changed its name to Sea Limited in April 2017. Sea Limited was incorporated in 2009 and is headquartered in Singapore.",Singapore,65 6270 8100,,Singapore,[],http://www.sea.com,1,1 Fusionopolis Place,Electronic Gaming & Multimedia,-0.16414,-0.26378,0.36898997,932147968,1.586,-0.19633,-1119906944,296.95,buy,1348905000,115271872,351,323.28,,1.597,-0.09237,20,354.79,47.112,-0.80403,410,5607523840,1695516032,6822901760,10.488,USD,13.521,1.02,1.7,NYQ,Sea Limited,Sea Limited,America/New_York,EDT,False,-14400000,EQUITY,finmb_426181371,us_market,,24.143,,-147.091,,,-1.13,,524433984,,,,6.49,18444912,0.0334,,1609372800,0.69753,-1799714048,-3.587,,,49.81202,0.049640004,1672444800,,1625011200,3.98,1628812800,307630503,1.339847,164728176640,2,,,,,,,,24.84852,1631664000,,,-286.0885,,,20881666,,,,324.25,329.8,279.13977,,0,,332.56,,2511242,324.25,329.31705,,329.8,,2511242,,,,,,,322,USD,,1774564,,,,169539010560,,,3353545,322,323.14,900,1774564,359.84,,,155.1,321.5,False,,1100,332.56,323.28,https://logo.clearbit.com/sea.com,"No. 17-10, Galaxis",,,,,f003c44d-eab6-39aa-aedf-aff864c77402
ADBE,95110-2704,Technology,22516,"Adobe Inc. operates as a diversified software company worldwide. Its Digital Media segment provides tools and solutions that enable individuals, teams, and enterprises to create, publish, promote, and monetize their digital content. Its flagship product is Creative Cloud, a subscription service that allows customer to download and access the latest versions of its creative products. This segment serves content creators, experience designers, app developers, enthusiasts, students, social media users, and creative professionals; and marketing departments and agencies, companies, and publishers. The company's Digital Experience segment offers products, services, and solutions for creating, managing, executing, measuring, monetizing, and optimizing customer experiences from analytics to commerce. This segment serves marketers, advertisers, agencies, publishers, merchandisers, merchants, web analysts, data scientists, developers, marketing executives, information management and technology executives, product development executives, and sales and support executives. Its Publishing and Advertising segment offers products and services, such as e-learning solutions, technical document publishing, web conferencing, document and forms platform, web application development, and high-end printing, as well as publishing needs of technical and business, and original equipment manufacturers (OEMs) printing businesses. The company offers its products and services directly to enterprise customers through its sales force and local field offices, as well as to end users through app stores and through its website at adobe.com. It also distributes products and services through a network of distributors, value-added resellers, systems integrators, software vendors and developers, retailers, and OEMs. The company was formerly known as Adobe Systems Incorporated and changed its name to Adobe Inc. in October 2018. The company was founded in 1982 and is headquartered in San Jose, California.",San Jose,408 536 6000,CA,United States,[],http://www.adobe.com,1,345 Park Avenue,Software—Infrastructure,0.39815,0.38794,0.87865996,6977999872,0.226,0.3575,5728999936,550,buy,11146000000,5496374784,640,576.86,0.022,1.315,0.13627,25,646.31,33.88,0.45138,750,5768000000,4693000192,14389000192,12.107,USD,30.027,1.179,1.7,NMS,Adobe Inc.,Adobe Inc.,America/New_York,EDT,True,-14400000,EQUITY,finmb_24321,us_market,,20.95,,52.617,,,14.03,,478000000,,,,28.979,4778345,0.01,,1606435200,0.85213995,5582000128,11.538,,,19.906137,0.0031,1669507200,,1622764800,2.95,1625011200,474856464,0.964497,301443776512,2,,1116892800,2:1,,,,0.015,19.163185,1627603200,2.94,,41.11618,,0.0101,4535876,,,,578.96,581.3,568.1095,,0,,583.61,,2673728,578.96,631.0624,,581.3,,2673728,,,,1111622400,,,575.52,USD,49.996532,2051019,,,,275739082752,,,1878503,575.52,576.82,1400,2051019,673.88,,,420.78,576.01,False,,900,583.61,576.86,https://logo.clearbit.com/adobe.com,,408 537 6000,,,,bccf427f-30a1-3360-9ce4-c77a8198c902
SHOP,K2P 2L8,Technology,7000,"Shopify Inc., a commerce company, provides a commerce platform and services in Canada, the United States, the United Kingdom, Australia, Latin America, and internationally. The company's platform provides merchants to run their business in various sales channels, including web and mobile storefronts, physical retail locations, pop-up shops, social media storefronts, native mobile apps, buy buttons, and marketplaces; and enables to manage products and inventory, process orders and payments, fulfill and ship orders, new buyers and build customer relationships, source products, leverage analytics and reporting, and access financing. It also sells custom themes and apps, and registration of domain names. The company was formerly known as Jaded Pixel Technologies Inc. and changed its name to Shopify Inc. in November 2011. Shopify Inc. was incorporated in 2004 and is headquartered in Ottawa, Canada.",Ottawa,613 241 2828,ON,Canada,[],http://www.shopify.com,1,151 O'Connor Street,Software—Application,0.13797,0.63647,0.54217,536827008,0.567,0.12312999,531630016,1300,buy,1541520000,487217760,1700,1378.03,22.797,16.553,0.03477,32,1703.52,10.64,0.33255002,2000,7755386880,1076795008,3853241088,62.161,USD,31.421,15.586,2.1,NYQ,Shopify Inc.,Shopify Inc.,America/New_York,EDT,False,-14400000,EQUITY,finmb_84159238,us_market,,46.248,,335.204,,,4.99,,112832000,,,,73.531,1575800,0.0126,,1609372800,0.7066,2452477952,12.788,,,18.740805,0.00287,1672444800,,1625011200,1.12,1625011200,112958323,1.450779,178204606464,2,,,,,,,23.421,44.10851,1627603200,7.54,,276.15833,,0.024400001,1690427,,,,1398.5,1417.78,1352.9772,,0,,1429,,902242,1398.5,1458.2542,,1417.78,,902242,,,,,,,1372.3572,USD,107.75962,886392,,,,169960718336,,,997192,1372.3572,1380,1800,886392,1650,,,875,1372,False,,1400,1429,1378.03,https://logo.clearbit.com/shopify.com,Ground floor,,,,,7e0e6171-361a-368a-bdf8-43969340dbb4
TSM,300-78,Technology,,"Taiwan Semiconductor Manufacturing Company Limited manufactures and sells integrated circuits and semiconductors. It also offers customer service, account management, and engineering services. The company serves customers in computer, communications, consumer, and industrial and standard segments in North America, Europe, Japan, China, and South Korea. Taiwan Semiconductor Manufacturing Company Limited was founded in 1987 and is headquartered in HsinChu, Taiwan.",Hsinchu City,886 3 563 6688,,Taiwan,[],http://www.tsmc.com,1,Hsinchu Science Park,Semiconductors,0.68267,0.38149,0.52436,,0.198,0.41559,991590809600,105,buy,711146502000,,139,110.04,0.112,1.883,0.13617,8,141.54,20.744,0.2984,204,870840008704,413639999488,1452514476032,167.921,TWD,280.08,1.62,2,NYQ,Taiwan Semiconductor Manufactur,Taiwan Semiconductor Manufacturing Company Limited,America/New_York,EDT,False,-14400000,EQUITY,finmb_380075,us_market,,0.101,,0.147,,,4.55,,5186079744,,,,373.875,17928461,0.0034999999,,1609372800,0.17504999,554125950976,3.725,,,0.29432297,6.0000002e-05,1672444800,,1625011200,2.03,1625011200,4835633840,0.997789,146242961408,2,,1247616000,1005:1000,,,,0.112,0.3928885,1627603200,3.3,,24.184614,,,14961892,,,,110.83,110.98,116.82892,0.09248398,0.48619998,,111.07,,6973628,110.83,116.695,10.25,110.98,,6973628,,,1.78,1623888000,,,109.51,USD,29.540941,5068721,,,,570676215808,,,7919123,109.51,110.3,1000,5068721,142.2,,2.91,83.16,109.98,False,0.0153,800,111.07,110.04,https://logo.clearbit.com/tsmc.com,"No. 8, Li-Hsin Road 6",886 3 563 7000,,,,a22510a4-756f-3424-8b07-71b132611395
MDT,2,Healthcare,90000,"Medtronic plc develops, manufactures, distributes, and sells device-based medical therapies to hospitals, physicians, clinicians, and patients worldwide. It operates through four segments: Cardiovascular Portfolio, Neuroscience Portfolio, Medical Surgical Portfolio, and Diabetes Operating Unit. The Cardiovascular Portfolio segment offers implantable cardiac pacemakers, cardioverter defibrillators, and cardiac resynchronization therapy devices; AF ablation products; insertable cardiac monitor systems; mechanical circulatory support; TYRX products; and remote monitoring and patient-centered software. It also provides aortic valves; percutaneous coronary intervention stents, surgical valve replacement and repair products, endovascular stent grafts, percutaneous angioplasty balloons, and products to treat superficial venous diseases in the lower extremities. The Medical Surgical Portfolio segment offers surgical products, including surgical stapling devices, vessel sealing instruments, wound closure, electrosurgery products, surgical artificial intelligence and robotic-assisted surgery products, hernia mechanical devices, mesh implants, gynecology and lung products, and various therapies to treat diseases. The Neuroscience Portfolio segment offers products for spinal surgeons; neurosurgeons; neurologists; pain management specialists; anesthesiologists; orthopedic surgeons; urologists; urogynecologists; interventional radiologists; ear, nose, and throat specialists; and systems that incorporate energy surgical instruments. It also provides image-guided surgery and intra-operative imaging systems and robotic guidance systems used in robot assisted spine procedures; and therapies for vasculature in and around the brain. The Diabetes Operating Unit segment offers insulin pumps and consumables, and continuous glucose monitoring systems. The company was founded in 1949 and is headquartered in Dublin, Ireland.",Dublin,353 1 438 1700,,Ireland,[],http://www.medtronic.com,1,20 On Hatch,Medical Devices,0.28974,0.12286,0.66953003,7254000128,0.227,0.20416,9155000320,129,buy,19762000000,5276000256,148,125.27,0.556,2.889,0.043420002,27,145.56,50.255,0.07655,155,10595000320,25963999232,31597000704,7.873,USD,23.483,2.064,1.9,NYQ,Medtronic plc.,Medtronic plc,America/New_York,EDT,True,-14400000,EQUITY,finmb_31348,us_market,,6.016,,20.764,,,6.29,,1345400064,,,,38.225,10620070,0.007900001,,1619740800,0.83219004,3881999872,2.66,,,3.2771747,0.00229,1682812800,,1627603200,2.58,1627603200,1343818176,0.813864,190098554880,2,,938390400,2:1,,,,0.567,5.3866854,1630368000,1.74,,19.91574,,0.007900001,11102082,,,,126.83,127,127.03122,0.018292202,0.8287,,127.26,,4275042,126.83,130.29411,2.32,127,,4275042,,,2.52,1632355200,,,125.06,USD,47.093983,3848237,,,,170203103232,,,3848839,125.06,125.13,800,3848237,135.89,,2.08,98.94,123,False,0.0194,1000,127.26,125.27,https://logo.clearbit.com/medtronic.com,Lower Hatch Street,,,,,c9b9ae1b-4267-324d-8899-95d8371bbb3b
CRM,94105,Technology,59895,"salesforce.com, inc. develops enterprise cloud computing solutions with a focus on customer relationship management worldwide. The company offers Sales Cloud to store data, monitor leads and progress, forecast opportunities, and gain insights through analytics and relationship intelligence, as well as deliver quotes, contracts, and invoices. It also provides Service Cloud, which enables companies to deliver personalized customer service and support, as well as a field service solution that enables companies to connect agents, dispatchers, and mobile employees through a centralized platform, which helps to schedule and dispatch work, and track and manage jobs in real-time. In addition, the company offers Marketing Cloud to plan, personalize, and optimize one-to-one customer marketing interactions; and Commerce Cloud, which enables companies to enhance engagement, conversion, revenue, and loyalty from their customers. Further, it provides Customer 360 Platform that offers no-code to pro-code Platform-as-a-Service tools for building, securing, integrating, and managing the business apps; MuleSoft Anypoint Platform enables customers to connect any system, application, data, or device; Quip collaboration platform, which combines documents, spreadsheets, apps, and chat with live CRM data; and Tableau and Einstein Analytics, provides analytical technology to customers. Additionally, the company offers various solutions for financial services, healthcare and life sciences, manufacturing, consumer goods, government, and philanthropy. The company also provides professional services and education services, including instructor-led and online courses; and support and adoption programs. It provides its services through direct sales; and consulting firms, systems integrators, and other partners. Salesforce and Siemens has a strategic partnership. The company was founded in 1999 and is headquartered in San Francisco, California.",San Francisco,415 901 7000,CA,United States,[],http://www.salesforce.com,1,Salesforce Tower,Software—Application,0.15553,0.19875,0.74322,6169999872,0.226,0.04246,3476000000,211.86,buy,15814000000,8204250112,300,272.48,3.545,1.334,0.01001,43,297.39,14.76,0.11517999,350,15022999552,6282999808,22350000128,16.224,USD,24.446,1.188,1.9,NYQ,Salesforce.com Inc,"salesforce.com, inc.",America/New_York,EDT,True,-14400000,EQUITY,finmb_122917,us_market,,9.629,,61.911,,,4.15,,922233024,,,,45.15,22712479,0.024500001,,1612051200,0.79046,4441999872,4.38,,,6.0349946,0.03612,1675123200,,1619740800,3.63,1619740800,892775120,1.091304,215203840000,2,,1366243200,4:1,,,,3.737,11.243403,1622160000,5.79,,65.65783,,0.0254,22624599,,,,274.58,275.54,242.2292,,0,,276.92,,4746614,274.58,266.15265,,275.54,,4746614,,,,,,,272.27,USD,62.210045,2683286,,,,251290058752,,,6151915,272.27,272.48,800,2683286,286.36,,,201.51,272.45,False,,1000,276.92,272.48,https://logo.clearbit.com/salesforce.com,3rd Floor 415 Mission Street,415 901 7040,,,,01d3fcca-fdd3-37b7-b601-1bfd3a695ce7
XOM,75039-2298,Energy,72000,"Exxon Mobil Corporation explores for and produces crude oil and natural gas in the United States and internationally. It operates through Upstream, Downstream, and Chemical segments. The company is also involved in the manufacture, trade, transport, and sale of crude oil, natural gas, petroleum products, petrochemicals, and other specialty products; and manufactures and sells petrochemicals, including olefins, polyolefins, aromatics, and various other petrochemicals. As of December 31, 2020, it had approximately 22,239 net operated wells with proved reserves. The company was founded in 1870 and is based in Irving, Texas.",Irving,972-940-6000,TX,United States,[],http://corporate.exxonmobil.com,1,5959 Las Colinas Boulevard,Oil & Gas Integrated,0.113249995,-0.061750002,0.31561002,27307999232,1.04,0.02937,24448999424,40,hold,57157000000,13676125184,65.7,62.18,,0.849,0.01134,28,66.25,36.611,-0.07788,90,3464999936,60612001792,215878991872,0.818,USD,50.522,0.514,2.7,NYQ,Exxon Mobil Corporation,Exxon Mobil Corporation,America/New_York,EDT,True,-14400000,EQUITY,finmb_406338,us_market,,1.404,,12.393,,,4.49,,4233540096,,,,37.079,41211862,0.0097,,1609372800,0.53446,-13329999872,-4.471,,,1.6769601,0.00117,1672444800,,1625011200,2.23,1627603200,4224545428,1.419759,302989606912,2,,995500800,2:1,,,,,1.219394,1630368000,12.9,,13.848553,,0.0097,33224876,,,,60.66,61.25,58.391872,0.05736894,,,62.415,,26606857,60.66,56.657646,3.48,61.25,,26606857,,,3.48,1628726400,,,61.25,USD,,21631373,,,,263241531392,,,21253157,61.25,62.23,3000,21631373,64.93,,5.18,31.11,62.15,False,0.0638,3000,62.415,62.18,https://logo.clearbit.com/corporate.exxonmobil.com,,972-940-6143,,,,623c29c3-4307-34c2-840f-d89284dd4857
ADI,01887,Technology,15900,"Analog Devices, Inc. designs, manufactures, tests, and markets integrated circuits (ICs), software, and subsystems that leverage analog, mixed-signal, and digital signal processing technologies. The company offers data converter products, which translate real-world analog signals into digital data, as well as translates digital data into analog signals; high-performance amplifiers to condition analog signals; and radio frequency and microwave ICs to support cellular infrastructure. It also provides power management and reference products for power management and conversion applications in the automotive, communications, industrial, and high-end consumer markets; and microelectromechanical systems technology solutions, including accelerometers used to sense acceleration, gyroscopes to sense rotation, and inertial measurement units to sense multiple degrees of freedom, as well as isolators. In addition, the company offers digital signal processing and system products for high-speed numeric calculations. The company serves clients in the industrial, automotive, consumer, and communications markets through a direct sales force, third-party distributors, and independent sales representatives in the United States, the rest of North and South America, Europe, Japan, China, and rest of Asia, as well as through its Website. Analog Devices, Inc. has a strategic agreement with BraveHeart Wireless Inc. to collaborate on a remote patient monitoring system. The company was founded in 1965 and is headquartered in Wilmington, Massachusetts.",Wilmington,781 935 5565,MA,United States,[],http://www.analog.com,1,One Analog Way,Semiconductors,0.45013002,0.26153,0.68044,2466942976,0.208,0.32747,2928112896,165,buy,3690478000,2059701120,193.5,168.62,0.392,1.106,0.06158,22,191,43.466,0.14152999,210,1480701056,5330696192,6505013248,4.021,USD,17.631,0.825,1.8,NMS,"Analog Devices, Inc.","Analog Devices, Inc.",America/New_York,EDT,True,-14400000,EQUITY,finmb_251411,us_market,,10.446,,23.206,,,6.96,,368827008,,,,32.989,12488061,0.0232,,1604102400,0.70572996,1701261056,4.19,,,5.111401,0.00215,1667174400,,1627689600,2.22,1627603200,366719391,1.213973,67948748800,2,,953164800,2:1,,,,0.388,9.560566,1630368000,1.59,,24.22701,,0.0233,42427238,,,,166.98,168.48,163.64008,0.015690502,0.5733,,168.95,,3531485,166.98,168.61853,2.62,168.48,,3531485,,,2.76,1629936000,,,166.68,USD,40.243435,3145920,,,,62191607808,,,4622598,166.68,172.75,800,3145920,178.84,,1.98,115.64,166.56,False,0.0159,800,168.95,168.62,https://logo.clearbit.com/analog.com,,,,,,d98d9168-137c-3f9c-afb4-adc56ba055f1
UPS,30328,Industrials,540000,"United Parcel Service, Inc. provides letter and package delivery, transportation, logistics, and financial services. It operates through three segments: U.S. Domestic Package, International Package, and Supply Chain & Freight. The U.S. Domestic Package segment offers time-definite delivery of letters, documents, small packages, and palletized freight through air and ground services in the United States. The International Package segment provides guaranteed day and time-definite international shipping services in Europe, the Asia Pacific, Canada and Latin America, the Indian sub-continent, the Middle East, and Africa. This segment offers guaranteed time-definite express options. The Supply Chain & Freight segment provides international air and ocean freight forwarding, customs brokerage, distribution and post-sales, and mail and consulting services in approximately 200 countries and territories; and less-than-truckload and truckload services to customers in North America. This segment also offers truckload brokerage services; supply chain solutions to the healthcare and life sciences industry; shipping, visibility, and billing technologies; and financial and insurance services. The company operates a fleet of approximately 127,000 package cars, vans, tractors, and motorcycles; and owns 58,000 containers that are used to transport cargo in its aircraft. United Parcel Service, Inc. was founded in 1907 and is headquartered in Atlanta, Georgia.",Atlanta,404 828 6000,GA,United States,[],http://www.ups.com,1,"55 Glenlake Parkway, N.E.",Integrated Freight & Logistics,0.1113,0.06573,0.19466999,12965999616,0.145,0.08048,10291999744,130,buy,11490000000,3612875008,222.5,183.49,0.502,1.394,0.07329,28,217.5,242.062,0.79984003,250,9953999872,26196000768,92466003968,11.428,USD,106.1,1.294,2.3,NYQ,"United Parcel Service, Inc.","United Parcel Service, Inc.",America/New_York,EDT,True,-14400000,EQUITY,finmb_238570,us_market,,1.947,,17.492,,,11.55,,723316992,,,,8.215,7456958,0.0086,,1609372800,0.70351,6078000128,5.922,,,22.335972,8.0000005e-05,1672444800,,1625011200,3.24,1628812800,727956144,1.054039,180032372736,2,,,,,,,0.514,1.7391742,1631664000,1.11,,15.88658,,0.010199999,9242617,,,,181.6,180.7,196.55777,0.022301763,0.5876,,184.5,,2762985,181.6,189.57529,4.05,180.7,,2762985,,,4.08,1629417600,,,179.68,USD,30.984467,2733065,,,,160814497792,,,2708682,179.68,184.23,800,2733065,219.59,,3,154.76,184.09,False,0.0217,800,184.5,183.49,https://logo.clearbit.com/ups.com,,,,,,0e60ac85-bc39-31e2-a1d6-6a048ff164da
SAP,69190,Technology,103142,"SAP SE operates as an enterprise application software company worldwide. The company operates through four segments: Applications, Technology & Support; Concur; Qualtrics; and Services. It offers SAP S/4HANA, an enterprise resource planning suite for intelligent technologies; SAP Integrated Business Planning for Supply Chain, a cloud-based solution that delivers real-time supply chain planning capabilities; SAP Intelligent Asset Management, a solution that helps to define, plan, and monitor service and maintenance strategy; SAP SuccessFactors Human Experience Management Suite, a cloud software that helps to develop, manage, and engage people; SAP Ariba, a digital business-to-business marketplace; SAP Concur, a travel and expense management software; and SAP Fieldglass, a cloud application for services procurement and contingent workforce management. The company also provides SAP solutions for enterprise information management that offers capabilities to understand, integrate, cleanse, manage, associate, and archive data; SAP HANA and SAP HANA Cloud, which enables businesses to process and analyze live data; SAP Analytics Cloud, a cloud analytics solution; SAP BusinessObjects Business Intelligence, a suite of flexible and scalable self-service BI tools; SAP Data Warehouse Cloud, a cloud data warehouse solution for business and IT users; and SAP BW/4HANA, an on-premise data warehouse solution. In addition, it offers SAP Integration Suite that help customers with holistic integration, and API-based and event-based integrations; SAP Extension Suite that provides ready-to-use services to accelerate and develop application extensions; SAP Internet of Things, a cloud solution that generates business outcomes; and SAP Intelligent Robotic Process Automation, a software robot to mimic human actions and responses. SAP SE was founded in 1972 and is headquartered in Walldorf, Germany.",Walldorf,49 6227 7 47474,,Germany,[],http://www.sap.com,1,Dietmar-Hopp-Allee 16,Software—Application,0.27292,0.19771999,0.71599,7295000064,-0.027,0.23214,7414000128,122.81,buy,19453000000,7123624960,155.76,135.44,0.294,1.196,0.060900003,10,154.77,48.694,0.16895,178.72,11745000448,16963000320,27164999680,9.953,EUR,23.036,1.111,2.3,NYQ,SAP  SE,SAP SE,America/New_York,EDT,False,-14400000,EQUITY,finmb_126475,us_market,,6.178,,22.636,,,6.23,,1179580032,,,,28.439,2679247,0.0023,,1609372800,0.04202,5370999808,5.49,,,4.762474,0,1672444800,,1617148800,2.55,1615766400,1043202600,0.968992,167825604608,2,,901584000,4:1,,,,0.278,5.8467298,1618444800,2.32,,21.739967,,,3902158,,,,135.66,136.74,141.05382,0.013637033,0.3432,,136.75,,556642,135.66,143.25294,1.85,136.74,,556642,,,2.19,1620864000,,,135.36,USD,24.670311,495035,,,,158826414080,,,557876,135.36,139.53,800,495035,159.46,,1.38,104.64,135,False,0.016,900,136.75,135.44,https://logo.clearbit.com/sap.com,,49 6227 7 57575,,,,999bc6b1-8351-3be8-97d2-6f559ba408ae
NTES,310052,Communication Services,28239,"NetEase, Inc. provides online services focusing on gaming, communication, and commerce in the Peoples' Republic of China and internationally. The company operates in three segments: Online Games Services, Youdao, and Innovative Businesses and Others. It develops and operates PC and mobile games, as well as offers games licensed from other game developers. The company's products and services include Youdao Dictionary, an online knowledge tool; smart devices, such as Youdao Smart Pen, Youdao Dictionary Pen, Youdao Pocket Translator, and Youdao Cloud Pen; online courses; interactive learning apps; and enterprise services, such as Youdao Smart Cloud, a cloud-based platform that helps third-party app developers, smart device brands, and manufacturers to access its optical character recognition capability and neural machine translation engine. Its products and services also include NetEase Cloud Music, a music streaming platform; Yanxuan, an e-commerce platform, which sells private label products, including consumer electronics, food, apparel, homeware, kitchenware, and other general merchandise; NetEase Media, an internet media platform; NetEase Mail, an email service; NetEase CC Live streaming, a live streaming platform with a focus on game broadcasting; and NetEase Pay, a payment platform. The company was formerly known as NetEase.com, Inc. and changed its name to NetEase, Inc. in March 2012. NetEase, Inc. was founded in 1997 and is headquartered in Hangzhou, the People's Republic of China.",Hangzhou,86 571 8985 3378,,China,[],http://ir.netease.com,1,NetEase Building,Internet Content & Information,0.2193,0.15045,0.52926,23880687616,0.129,0.17513001,17425561600,96.74,buy,38983402000,15133119488,126.16,96.32,-0.239,2.134,0.05817,28,124.79,28.343,0.11956,144.61,100882931712,27921862656,79461670912,150.684,CNY,118.198,1.938,1.7,NMS,"NetEase, Inc.","NetEase, Inc.",America/New_York,EDT,False,-14400000,EQUITY,finmb_416512,us_market,,-0.047,,-0.212,,,4.95,,670980992,,,,127.934,7517693,0.0112,,1609372800,0.37756002,11954847744,2.96,,,0.7528882,0.013200001,1672444800,,1625011200,1.91,1627603200,361651266,0.414847,-3701426944,2,,1601596800,5:1,,,,-0.22,0.8208289,1630368000,46.33,,19.458586,,,6024825,,,,96.06,95.74,101.65374,0.056641683,0.3234,,97.36,,5225085,96.06,87.77912,5.441,95.74,,5225085,,,0.8,1631491200,,,94.885,USD,32.54054,6592454,,,,65224437760,,,4128025,94.885,97.74,1200,6592454,134.33,,1.15,77.97,96.29,False,0.0094,900,97.36,96.32,https://logo.clearbit.com/ir.netease.com,No. 599 Wangshang Road Binjiang District,,,,,58199f0d-f7ac-3a35-abfd-51f06c58c423
ORCL,78741,Technology,132000,"Oracle Corporation provides products and services that address enterprise information technology environments worldwide. Its Oracle cloud software as a service offering include various cloud software applications, including Oracle Fusion cloud enterprise resource planning (ERP), Oracle Fusion cloud enterprise performance management, Oracle Fusion cloud supply chain and manufacturing management, Oracle Fusion cloud human capital management, Oracle Fusion cloud advertising and customer experience, and NetSuite applications suite. The company also offers cloud-based industry solutions for various industries; Oracle application licenses; and Oracle license support services. In addition, it provides cloud and license business' infrastructure technologies, such as the Oracle Database, an enterprise database; Java, a software development language; and middleware, including development tools and others. The company's cloud and license business' infrastructure technologies also comprise cloud-based compute, storage, and networking capabilities through its Oracle cloud infrastructure as a service offerings. Further, it offers infrastructure offerings comprising Oracle autonomous data warehouse cloud service, Oracle autonomous transaction processing cloud service, Internet-of-Things, digital assistant, and blockchain. Additionally, the company provides hardware products and other hardware-related software offerings, including Oracle engineered systems, enterprise servers, storage solutions, industry-specific hardware, virtualization software, operating systems, management software, and related hardware services; and consulting services. The company markets and sells its cloud, license, hardware, support, and services offerings directly to businesses in various industries, government agencies, and educational institutions, as well as through indirect channels. Oracle Corporation was founded in 1977 and is headquartered in Austin, Texas.",Austin,737-867-1000,TX,United States,[],http://www.oracle.com,1,2300 Oracle Way,Software—Infrastructure,0.44361,0.34162998,0.8022,15324999680,0.039,0.38528,18116999168,59,hold,32624000000,10936500224,82.5,94.39,0.194,2.042,0.083179995,22,82.9,,3.0970001,113,39310000128,82717999104,40839999488,14.356,USD,14.195,1.898,2.9,NYQ,Oracle Corporation,Oracle Corporation,America/New_York,EDT,True,-14400000,EQUITY,finmb_22247,us_market,,7.191,,16.21,,,5.12,,2792000000,,,,1.861,33794997,0.0123000005,,1622419200,0.47168,13952000000,4.55,,,50.720043,0.41915,1685491200,,1630368000,3.58,1628812800,1590252218,0.795851,293677826048,2,,971395200,2:1,,,,0.092,6.452911,1631664000,1.74,,18.435547,,0.0212,35741564,,,,91.99,92.38,83.097984,0.011305576,0.23879999,,95.02,,11743142,91.99,89.29647,1.04,92.38,,11743142,,,1.28,1633651200,,,92.11,USD,20.745054,12820878,,,,263536885760,,,10988820,92.11,94.3,800,12820878,95.02,,1.55,55.14,94.2,False,0.0139999995,900,95.02,94.39,https://logo.clearbit.com/oracle.com,,,,,,238bd614-c63c-3123-8e2f-66b49fcfafed
